time_point,term,category,over_represented_pvalue,under_represented_pvalue,numDEInCat,numInCat
Unfertilized_Egg,vacuolar transport,GO:0007034,1.43E-05,0.999998927,9,14
Unfertilized_Egg,D-amino acid metabolic process,GO:0046416,2.16E-05,1,6,6
Unfertilized_Egg,DNA damage checkpoint,GO:0000077,7.59E-05,0.99999558,7,10
Unfertilized_Egg,intracellular signal transduction,GO:0035556,0.000183585,0.999915748,39,146
Unfertilized_Egg,kinetochore assembly,GO:0051382,0.0005519,0.999974022,5,7
Unfertilized_Egg,DNA repair,GO:0006281,0.000895438,0.999643568,23,87
Unfertilized_Egg,DNA replication,GO:0006260,0.000935731,0.999720981,15,45
Unfertilized_Egg,spliceosomal snRNP assembly,GO:0000387,0.001141958,0.999877065,6,12
Unfertilized_Egg,negative regulation of transcription by RNA polymerase II,GO:0000122,0.001616284,0.999967734,3,4
Unfertilized_Egg,protein dephosphorylation,GO:0006470,0.002367214,0.999146595,17,55
Unfertilized_Egg,protein deubiquitination,GO:0016579,0.002598241,0.999142197,15,43
Unfertilized_Egg,"DNA-templated transcription, initiation",GO:0006352,0.002838963,0.999600242,6,14
Unfertilized_Egg,organic phosphonate catabolic process,GO:0019700,0.003263922,1,3,3
Unfertilized_Egg,ATP-dependent chromatin remodeling,GO:0043044,0.004972317,1,3,3
Unfertilized_Egg,regulation of exit from mitosis,GO:0007096,0.005633431,1,2,2
Unfertilized_Egg,tRNA processing,GO:0008033,0.006296138,0.998375843,9,25
Unfertilized_Egg,cellular response to ionizing radiation,GO:0071479,0.006462441,1,2,2
Unfertilized_Egg,positive regulation of transcription by RNA polymerase II,GO:0045944,0.007885832,0.999302551,4,7
Unfertilized_Egg,chromatin assembly or disassembly,GO:0006333,0.008192396,1,2,2
Unfertilized_Egg,proton transmembrane transport,GO:1902600,0.008209341,0.998246826,7,18
Unfertilized_Egg,Arp2/3 complex-mediated actin nucleation,GO:0034314,0.008277753,0.999175669,4,8
Unfertilized_Egg,C-terminal protein methylation,GO:0006481,0.008500074,1,2,2
Unfertilized_Egg,mRNA processing,GO:0006397,0.008823816,0.996984396,12,38
Unfertilized_Egg,nucleoside metabolic process,GO:0009116,0.008893721,0.997764224,8,23
Unfertilized_Egg,protein import into nucleus,GO:0006606,0.009036432,0.99885113,5,9
Unfertilized_Egg,ubiquitin-dependent protein catabolic process,GO:0006511,0.009446139,0.995763573,19,70
Unfertilized_Egg,GPI anchor biosynthetic process,GO:0006506,0.009451439,0.998184956,6,16
Unfertilized_Egg,microtubule organizing center organization,GO:0031023,0.010014012,1,2,2
Unfertilized_Egg,S-adenosylmethionine biosynthetic process,GO:0006556,0.010613685,1,2,2
Unfertilized_Egg,calcium ion import across plasma membrane,GO:0098703,0.01096386,1,2,2
Unfertilized_Egg,protein O-linked glycosylation,GO:0006493,0.012272837,0.999476763,3,4
Unfertilized_Egg,"mitochondrial electron transport, NADH to ubiquinone",GO:0006120,0.013560275,1,2,2
Unfertilized_Egg,dUMP biosynthetic process,GO:0006226,0.013865598,1,2,2
Unfertilized_Egg,dUTP catabolic process,GO:0046081,0.013865598,1,2,2
Unfertilized_Egg,centrosome cycle,GO:0007098,0.01424877,0.998487258,4,7
Unfertilized_Egg,signaling,GO:0023052,0.015127637,0.999299452,3,4
Unfertilized_Egg,"DNA replication, synthesis of RNA primer",GO:0006269,0.017135472,0.999165925,3,4
Unfertilized_Egg,meiotic chromosome segregation,GO:0045132,0.017262899,1,2,2
Unfertilized_Egg,actin cytoskeleton organization,GO:0030036,0.017349864,0.999151259,3,4
Unfertilized_Egg,spindle assembly,GO:0051225,0.017424639,0.997015342,5,11
Unfertilized_Egg,transport,GO:0006810,0.017626508,1,2,2
Unfertilized_Egg,protein folding,GO:0006457,0.018286064,0.992248803,14,55
Unfertilized_Egg,replication fork protection,GO:0048478,0.018814699,1,2,2
Unfertilized_Egg,biosynthetic process,GO:0009058,0.019687936,0.99162825,14,52
Unfertilized_Egg,regulation of protein phosphorylation,GO:0001932,0.020163873,1,2,2
Unfertilized_Egg,dTMP biosynthetic process,GO:0006231,0.020476618,1,2,2
Unfertilized_Egg,Golgi vesicle transport,GO:0048193,0.020757218,0.998428363,3,5
Unfertilized_Egg,oxidation-reduction process,GO:0055114,0.021254333,0.983259387,135,819
Unfertilized_Egg,cGMP biosynthetic process,GO:0006182,0.022479002,0.994838202,6,15
Unfertilized_Egg,positive regulation of apoptotic process,GO:0043065,0.023237303,1,2,2
Unfertilized_Egg,regulation of receptor recycling,GO:0001919,0.024131691,1,2,2
Unfertilized_Egg,lysosome organization,GO:0007040,0.024131691,1,2,2
Unfertilized_Egg,cholesterol homeostasis,GO:0042632,0.024131691,1,2,2
Unfertilized_Egg,positive regulation of MAPK cascade,GO:0043410,0.024131691,1,2,2
Unfertilized_Egg,glycerol-3-phosphate catabolic process,GO:0046168,0.024337171,1,2,2
Unfertilized_Egg,tRNA wobble uridine modification,GO:0002098,0.024649284,0.996551371,4,8
Unfertilized_Egg,glucose catabolic process,GO:0006007,0.025617434,1,2,2
Unfertilized_Egg,ADP biosynthetic process,GO:0006172,0.027220953,1,2,2
Unfertilized_Egg,telomere maintenance,GO:0000723,0.027539267,0.992907798,6,19
Unfertilized_Egg,recombinational repair,GO:0000725,0.027669287,1,2,2
Unfertilized_Egg,heme O biosynthetic process,GO:0048034,0.028388117,1,2,2
Unfertilized_Egg,cell morphogenesis,GO:0000902,0.02839314,0.997561093,3,5
Unfertilized_Egg,threonine catabolic process,GO:0006567,0.028472474,1,2,2
Unfertilized_Egg,cysteine biosynthetic process from serine,GO:0006535,0.028692759,1,2,2
Unfertilized_Egg,positive regulation of cell cycle G2/M phase transition,GO:1902751,0.028697301,1,2,2
Unfertilized_Egg,glycerol-3-phosphate metabolic process,GO:0006072,0.028795148,1,2,2
Unfertilized_Egg,transcription by RNA polymerase I,GO:0006360,0.02881417,1,2,2
Unfertilized_Egg,ultradian rhythm,GO:0007624,0.028960367,1,2,2
Unfertilized_Egg,N-terminal protein myristoylation,GO:0006499,0.029095888,1,2,2
Unfertilized_Egg,establishment or maintenance of cell polarity,GO:0007163,0.02912157,1,2,2
Unfertilized_Egg,mRNA 3'-end processing,GO:0031124,0.029124518,1,2,2
Unfertilized_Egg,"pentose-phosphate shunt, non-oxidative branch",GO:0009052,0.029141381,1,2,2
Unfertilized_Egg,histone arginine methylation,GO:0034969,0.029144328,1,2,2
Unfertilized_Egg,cytoskeleton-dependent intracellular transport,GO:0030705,0.029144423,1,2,2
Unfertilized_Egg,vesicle-mediated transport,GO:0016192,0.02993471,0.984559667,19,79
Unfertilized_Egg,protein phosphorylation,GO:0006468,0.03001705,0.976651026,111,615
Unfertilized_Egg,cellular amino acid metabolic process,GO:0006520,0.033085787,0.990022977,7,22
Unfertilized_Egg,electron transport chain,GO:0022900,0.035362715,0.998561367,2,3
Unfertilized_Egg,nitrogen compound metabolic process,GO:0006807,0.035384959,0.991784853,5,15
Unfertilized_Egg,phosphatidylinositol metabolic process,GO:0046488,0.036232296,0.996559018,3,5
Unfertilized_Egg,glycogen biosynthetic process,GO:0005978,0.037820739,0.996343318,3,5
Unfertilized_Egg,regulation of cyclin-dependent protein serine/threonine kinase activity,GO:0000079,0.044048711,0.997969907,2,3
Unfertilized_Egg,"transcription, DNA-templated",GO:0006351,0.048550538,0.979611918,10,41
Fertilized_Egg,D-amino acid metabolic process,GO:0046416,4.87E-07,1,6,6
Fertilized_Egg,vacuolar transport,GO:0007034,0.000168118,0.99998652,6,14
Fertilized_Egg,spliceosomal snRNP assembly,GO:0000387,0.000350198,0.999975641,5,12
Fertilized_Egg,microtubule anchoring,GO:0034453,0.00043173,1,3,3
Fertilized_Egg,Arp2/3 complex-mediated actin nucleation,GO:0034314,0.000664902,0.999967768,4,8
Fertilized_Egg,ATP synthesis coupled proton transport,GO:0015986,0.000700955,0.999917583,6,19
Fertilized_Egg,protein O-linked glycosylation,GO:0006493,0.001909396,0.999959534,3,4
Fertilized_Egg,nitrogen compound metabolic process,GO:0006807,0.001993647,0.999775973,5,15
Fertilized_Egg,signaling,GO:0023052,0.002328311,0.999946968,3,4
Fertilized_Egg,"mitochondrial electron transport, NADH to ubiquinone",GO:0006120,0.002899564,1,2,2
Fertilized_Egg,mitochondrial transport,GO:0006839,0.004357279,1,2,2
Fertilized_Egg,meiotic chromosome segregation,GO:0045132,0.004473356,1,2,2
Fertilized_Egg,cellular amino acid metabolic process,GO:0006520,0.004768118,0.999144806,6,22
Fertilized_Egg,cholesterol biosynthetic process,GO:0006695,0.004907108,0.999903019,2,4
Fertilized_Egg,negative regulation of transcription by RNA polymerase II,GO:0000122,0.005270643,0.999891896,2,4
Fertilized_Egg,ribosomal large subunit assembly,GO:0000027,0.005519061,1,2,2
Fertilized_Egg,positive regulation of apoptotic process,GO:0043065,0.005867819,1,2,2
Fertilized_Egg,regulation of receptor recycling,GO:0001919,0.006172176,1,2,2
Fertilized_Egg,lysosome organization,GO:0007040,0.006172176,1,2,2
Fertilized_Egg,cholesterol homeostasis,GO:0042632,0.006172176,1,2,2
Fertilized_Egg,positive regulation of MAPK cascade,GO:0043410,0.006172176,1,2,2
Fertilized_Egg,glucose catabolic process,GO:0006007,0.006496955,1,2,2
Fertilized_Egg,biosynthetic process,GO:0009058,0.006707705,0.997909645,10,52
Fertilized_Egg,heme O biosynthetic process,GO:0048034,0.007540333,1,2,2
Fertilized_Egg,transcription by RNA polymerase I,GO:0006360,0.007813939,1,2,2
Fertilized_Egg,cytoskeleton-dependent intracellular transport,GO:0030705,0.009406115,1,2,2
Fertilized_Egg,intracellular protein transport,GO:0006886,0.00947951,0.996026304,15,91
Fertilized_Egg,cellular protein modification process,GO:0006464,0.009825912,0.997539148,7,33
Fertilized_Egg,ATP synthesis coupled electron transport,GO:0042773,0.010771393,0.999771159,2,3
Fertilized_Egg,vesicle-mediated transport,GO:0016192,0.011643672,0.995346496,13,79
Fertilized_Egg,"mitochondrial electron transport, ubiquinol to cytochrome c",GO:0006122,0.013930921,0.999523716,2,4
Fertilized_Egg,glycolytic process,GO:0006096,0.014624837,0.997879573,4,13
Fertilized_Egg,GPI anchor biosynthetic process,GO:0006506,0.015844737,0.997533471,4,16
Fertilized_Egg,organic phosphonate catabolic process,GO:0019700,0.016078445,0.999576518,2,3
Fertilized_Egg,fructose 6-phosphate metabolic process,GO:0006002,0.018159972,0.999489066,2,3
Fertilized_Egg,D-ribose metabolic process,GO:0006014,0.019067153,0.999449124,2,3
Fertilized_Egg,endosomal transport,GO:0016197,0.019351187,0.999436395,2,3
Fertilized_Egg,positive regulation of TOR signaling,GO:0032008,0.019564067,0.999426786,2,3
Fertilized_Egg,cellular response to amino acid stimulus,GO:0071230,0.019564067,0.999426786,2,3
Fertilized_Egg,magnesium ion transport,GO:0015693,0.019935787,0.999409866,2,3
Fertilized_Egg,molybdate ion transport,GO:0015689,0.01999002,0.999170427,2,4
Fertilized_Egg,negative regulation of translational initiation,GO:0045947,0.02375202,0.998917664,2,4
Fertilized_Egg,glucose metabolic process,GO:0006006,0.023782646,0.998915508,2,4
Fertilized_Egg,mRNA splice site selection,GO:0006376,0.024239245,0.999201284,2,3
Fertilized_Egg,double-strand break repair via nonhomologous end joining,GO:0006303,0.025004506,0.997212834,3,8
Fertilized_Egg,protein catabolic process,GO:0030163,0.025236971,0.997176693,3,8
Fertilized_Egg,muscle fiber development,GO:0048747,0.030333022,1,1,1
Fertilized_Egg,mRNA processing,GO:0006397,0.030868068,0.990089776,7,38
Fertilized_Egg,telomere maintenance,GO:0000723,0.033926397,0.993121331,4,19
Fertilized_Egg,gluconeogenesis,GO:0006094,0.034247326,0.998091822,2,4
Fertilized_Egg,nucleocytoplasmic transport,GO:0006913,0.034337709,0.998083985,2,4
Fertilized_Egg,mismatch repair,GO:0006298,0.035306549,0.993037745,4,15
Fertilized_Egg,porphyrin-containing compound biosynthetic process,GO:0006779,0.035320125,0.997998044,2,4
Fertilized_Egg,interstrand cross-link repair,GO:0036297,0.036596056,0.997884352,2,4
Fertilized_Egg,molybdopterin cofactor biosynthetic process,GO:0032324,0.036755635,1,1,1
Fertilized_Egg,Mo-molybdopterin cofactor biosynthetic process,GO:0006777,0.03837731,0.997373457,2,5
Fertilized_Egg,DNA repair,GO:0006281,0.038830666,0.982749099,11,87
Fertilized_Egg,methionine metabolic process,GO:0006555,0.039215532,0.997643712,2,4
Fertilized_Egg,proton transmembrane transport,GO:1902600,0.03949185,0.991662766,4,18
Fertilized_Egg,protein import into nucleus,GO:0006606,0.041629665,0.994071859,3,9
Fertilized_Egg,"DNA-templated transcription, initiation",GO:0006352,0.042731597,0.993188708,3,14
Fertilized_Egg,protein complex oligomerization,GO:0051259,0.042897032,1,1,1
Fertilized_Egg,Golgi vesicle transport,GO:0048193,0.043990391,0.996751619,2,5
Fertilized_Egg,intracellular signal transduction,GO:0035556,0.045242241,0.975034913,18,146
Fertilized_Egg,DNA replication,GO:0006260,0.046215552,0.98357667,7,45
Fertilized_Egg,protein folding,GO:0006457,0.046446493,0.982041168,8,55
Fertilized_Egg,fatty acid biosynthetic process,GO:0006633,0.046915303,0.992986434,3,9
Fertilized_Egg,hematopoietic stem cell homeostasis,GO:0061484,0.049581157,1,1,1
Cleavage,intracellular signal transduction,GO:0035556,1.19E-06,0.999999676,24,146
Cleavage,pyrimidine nucleotide-sugar transmembrane transport,GO:0090481,1.97E-06,0.999999983,5,6
Cleavage,nucleobase-containing compound metabolic process,GO:0006139,6.58E-06,0.999999214,10,35
Cleavage,phosphatidylinositol dephosphorylation,GO:0046856,6.49E-05,0.999997408,5,9
Cleavage,dephosphorylation,GO:0016311,0.000307949,0.999969599,6,18
Cleavage,isoprenoid biosynthetic process,GO:0008299,0.001317882,0.999912746,4,10
Cleavage,histone lysine methylation,GO:0034968,0.001459411,0.999959008,3,5
Cleavage,CENP-A containing nucleosome assembly,GO:0034080,0.001630305,1,2,2
Cleavage,tail-anchored membrane protein insertion into ER membrane,GO:0071816,0.001908957,1,2,2
Cleavage,endoplasmic reticulum to Golgi vesicle-mediated transport,GO:0006888,0.002332682,0.999806146,4,12
Cleavage,N-terminal protein amino acid methylation,GO:0006480,0.002866796,1,2,2
Cleavage,heme A biosynthetic process,GO:0006784,0.003261482,1,2,2
Cleavage,transcription elongation from RNA polymerase II promoter,GO:0006368,0.003306875,0.999852499,3,6
Cleavage,protein targeting to vacuole,GO:0006623,0.003470004,1,2,2
Cleavage,negative regulation of translation,GO:0017148,0.003545103,1,2,2
Cleavage,regulation of mRNA stability,GO:0043488,0.003545103,1,2,2
Cleavage,protein dephosphorylation,GO:0006470,0.009618893,0.997232201,8,55
Cleavage,arginine biosynthetic process,GO:0006526,0.010013127,0.999795413,2,3
Cleavage,riboflavin transport,GO:0032218,0.010276172,0.999701097,2,4
Cleavage,mitochondrial fusion,GO:0008053,0.010458283,0.999781317,2,3
Cleavage,cellular macromolecule metabolic process,GO:0044260,0.011483703,0.999645759,2,4
Cleavage,tRNA methylation,GO:0030488,0.013240499,0.9995595,2,4
Cleavage,sensory perception of taste,GO:0050909,0.015310602,0.999363496,2,5
Cleavage,mRNA cleavage,GO:0006379,0.021514182,0.998926867,2,5
Cleavage,"retrograde vesicle-mediated transport, Golgi to endoplasmic reticulum",GO:0006890,0.02616535,0.998549008,2,5
Cleavage,intermembrane lipid transfer,GO:0120009,0.031694382,0.997884657,2,6
Cleavage,fatty acid metabolic process,GO:0006631,0.032448796,0.997806279,2,6
Cleavage,transforming growth factor beta receptor signaling pathway,GO:0007179,0.034741292,0.99756179,2,6
Cleavage,microtubule-based movement,GO:0007018,0.036832807,0.983634516,11,108
Cleavage,regulation of pH,GO:0006885,0.036865528,0.997326916,2,6
Cleavage,GPI anchor biosynthetic process,GO:0006506,0.037834434,0.994137032,3,16
Cleavage,sensory perception,GO:0007600,0.040196921,1,1,1
Cleavage,photoreceptor cell maintenance,GO:0045494,0.040196921,1,1,1
Cleavage,carnitine biosynthetic process,GO:0045329,0.040247309,1,1,1
Cleavage,negative regulation of centrosome duplication,GO:0010826,0.040274886,1,1,1
Cleavage,small GTPase mediated signal transduction,GO:0007264,0.040436437,0.987229687,6,48
Cleavage,rDNA heterochromatin assembly,GO:0000183,0.041276136,1,1,1
Cleavage,"nuclear-transcribed mRNA catabolic process, exonucleolytic, 3'-5'",GO:0034427,0.041562565,1,1,1
Cleavage,mitotic sister chromatid cohesion,GO:0007064,0.0415859,0.99677715,2,6
Cleavage,spinal cord motor neuron cell fate specification,GO:0021520,0.041819274,1,1,1
Cleavage,glycerophospholipid biosynthetic process,GO:0046474,0.047360873,1,1,1
Cleavage,heme oxidation,GO:0006788,0.047551051,1,1,1
Cleavage,positive regulation of Golgi to plasma membrane protein transport,GO:0042998,0.047663,1,1,1
Cleavage,cilium assembly,GO:0060271,0.04795698,0.995765368,2,7
Cleavage,regulation of apoptotic process,GO:0042981,0.048584208,0.974296931,15,183
Prawn_chip,intracellular signal transduction,GO:0035556,2.15E-05,0.999992215,29,146
Prawn_chip,pyrimidine nucleotide-sugar transmembrane transport,GO:0090481,2.51E-05,0.999999617,5,6
Prawn_chip,transcription elongation from RNA polymerase II promoter,GO:0006368,3.53E-05,0.999999419,5,6
Prawn_chip,nucleobase-containing compound metabolic process,GO:0006139,8.49E-05,0.999984951,11,35
Prawn_chip,endoplasmic reticulum to Golgi vesicle-mediated transport,GO:0006888,0.00021167,0.999983685,6,12
Prawn_chip,dephosphorylation,GO:0016311,0.000573605,0.999925319,7,18
Prawn_chip,phosphatidylinositol dephosphorylation,GO:0046856,0.000582665,0.99996196,5,9
Prawn_chip,"transcription, DNA-templated",GO:0006351,0.001694249,0.999578887,10,41
Prawn_chip,DNA topological change,GO:0006265,0.002755666,0.999801222,4,8
Prawn_chip,"regulation of transcription, DNA-templated",GO:0006355,0.002981826,0.99815717,54,465
Prawn_chip,pseudouridine synthesis,GO:0001522,0.003172653,0.999620481,5,13
Prawn_chip,regulation of DNA replication,GO:0006275,0.004344068,0.999818866,3,5
Prawn_chip,CENP-A containing nucleosome assembly,GO:0034080,0.00505222,1,2,2
Prawn_chip,GDP-mannose biosynthetic process,GO:0009298,0.005605,1,2,2
Prawn_chip,tail-anchored membrane protein insertion into ER membrane,GO:0071816,0.00580441,1,2,2
Prawn_chip,histone lysine methylation,GO:0034968,0.005877732,0.9997259,3,5
Prawn_chip,spindle organization,GO:0007051,0.00617383,1,2,2
Prawn_chip,RNA metabolic process,GO:0016070,0.006803983,1,2,2
Prawn_chip,isoprenoid biosynthetic process,GO:0008299,0.007907455,0.99912629,4,10
Prawn_chip,N-terminal protein amino acid methylation,GO:0006480,0.00793408,1,2,2
Prawn_chip,rRNA processing,GO:0006364,0.00835615,0.998309492,6,22
Prawn_chip,heme A biosynthetic process,GO:0006784,0.008385223,1,2,2
Prawn_chip,purine ribonucleotide biosynthetic process,GO:0009152,0.008476727,1,2,2
Prawn_chip,protein targeting to vacuole,GO:0006623,0.008502895,1,2,2
Prawn_chip,negative regulation of translation,GO:0017148,0.008543513,1,2,2
Prawn_chip,regulation of mRNA stability,GO:0043488,0.008543513,1,2,2
Prawn_chip,snRNA processing,GO:0016180,0.008559429,1,2,2
Prawn_chip,protein glycosylation,GO:0006486,0.008572699,0.996300736,16,112
Prawn_chip,DNA replication,GO:0006260,0.012116948,0.996157377,9,45
Prawn_chip,tRNA processing,GO:0008033,0.017076472,0.995860974,6,25
Prawn_chip,"DNA-templated transcription, initiation",GO:0006352,0.019107313,0.996937814,4,14
Prawn_chip,protein dephosphorylation,GO:0006470,0.019614065,0.992740837,10,55
Prawn_chip,DNA-dependent DNA replication,GO:0006261,0.020175234,0.99939878,2,3
Prawn_chip,deadenylation-dependent decapping of nuclear-transcribed mRNA,GO:0000290,0.020725703,0.999373223,2,3
Prawn_chip,protein geranylgeranylation,GO:0018344,0.02271946,0.999277457,2,3
Prawn_chip,histone modification,GO:0016570,0.023024496,0.99926237,2,3
Prawn_chip,single strand break repair,GO:0000012,0.023261381,0.999250575,2,3
Prawn_chip,centromere complex assembly,GO:0034508,0.023790239,0.999223995,2,3
Prawn_chip,response to heat,GO:0009408,0.023846637,0.999221141,2,3
Prawn_chip,arginine biosynthetic process,GO:0006526,0.023947397,0.999216031,2,3
Prawn_chip,mitochondrial fusion,GO:0008053,0.024178685,0.999204257,2,3
Prawn_chip,regulation of transcription by RNA polymerase II,GO:0006357,0.024313125,0.992637009,7,35
Prawn_chip,protein ADP-ribosylation,GO:0006471,0.024779425,0.997247173,3,8
Prawn_chip,DNA repair,GO:0006281,0.026558314,0.988058238,13,87
Prawn_chip,cholesterol biosynthetic process,GO:0006695,0.027302314,0.9986573,2,4
Prawn_chip,riboflavin transport,GO:0032218,0.030068227,0.998440744,2,4
Prawn_chip,cellular macromolecule metabolic process,GO:0044260,0.031444291,0.998328637,2,4
Prawn_chip,mitochondrial respiratory chain complex I assembly,GO:0032981,0.033872011,0.998123952,2,4
Prawn_chip,oxygen transport,GO:0015671,0.035665707,0.997967175,2,4
Prawn_chip,tRNA methylation,GO:0030488,0.036083668,0.997929977,2,4
Prawn_chip,sensory perception of taste,GO:0050909,0.044418715,0.996701678,2,5
Prawn_chip,small GTPase mediated signal transduction,GO:0007264,0.049588547,0.980746845,8,48
Early_gastrula,nucleosome assembly,GO:0006334,5.71E-19,1,28,41
Early_gastrula,"regulation of transcription, DNA-templated",GO:0006355,1.40E-14,1,91,465
Early_gastrula,DNA topological change,GO:0006265,2.66E-06,0.999999945,6,8
Early_gastrula,tRNA processing,GO:0008033,7.01E-06,0.999999232,10,25
Early_gastrula,ribosome biogenesis,GO:0042254,2.01E-05,0.999998247,8,18
Early_gastrula,protein peptidyl-prolyl isomerization,GO:0000413,4.38E-05,0.999995526,8,20
Early_gastrula,protein ADP-ribosylation,GO:0006471,6.19E-05,0.999997828,5,8
Early_gastrula,regulation of DNA replication,GO:0006275,0.000155439,0.999997492,4,5
Early_gastrula,DNA repair,GO:0006281,0.000225308,0.999931149,17,87
Early_gastrula,response to heat,GO:0009408,0.000372994,1,3,3
Early_gastrula,"mRNA splicing, via spliceosome",GO:0000398,0.000396726,0.99992937,9,31
Early_gastrula,"DNA-templated transcription, initiation",GO:0006352,0.000493119,0.999951315,6,14
Early_gastrula,RNA processing,GO:0006396,0.000557838,0.999868492,11,49
Early_gastrula,protein folding,GO:0006457,0.00075388,0.99980113,12,55
Early_gastrula,rRNA processing,GO:0006364,0.000894444,0.999866226,7,22
Early_gastrula,mRNA processing,GO:0006397,0.001263436,0.999724412,9,38
Early_gastrula,pseudouridine synthesis,GO:0001522,0.002018242,0.999783167,5,13
Early_gastrula,"transcription, DNA-templated",GO:0006351,0.002450096,0.999403694,9,41
Early_gastrula,tetrahydrofolate biosynthetic process,GO:0046654,0.003939555,0.999841525,3,5
Early_gastrula,purine nucleotide biosynthetic process,GO:0006164,0.005041573,0.999737619,3,6
Early_gastrula,purine ribonucleotide biosynthetic process,GO:0009152,0.005296442,1,2,2
Early_gastrula,spindle organization,GO:0007051,0.005809385,1,2,2
Early_gastrula,anaphase-promoting complex-dependent catabolic process,GO:0031145,0.011292046,1,2,2
Early_gastrula,single strand break repair,GO:0000012,0.012998236,0.99969463,2,3
Early_gastrula,ribosomal small subunit biogenesis,GO:0042274,0.014713949,0.999630506,2,3
Early_gastrula,centromere complex assembly,GO:0034508,0.015263388,0.999609059,2,3
Early_gastrula,histone modification,GO:0016570,0.015670547,0.999592886,2,3
Early_gastrula,DNA-dependent DNA replication,GO:0006261,0.018603315,0.999469596,2,3
Early_gastrula,chromosome organization,GO:0051276,0.020193876,0.999026135,2,5
Early_gastrula,transcription initiation from RNA polymerase II promoter,GO:0006367,0.020414071,0.996660989,4,14
Early_gastrula,mitochondrial ADP transmembrane transport,GO:0140021,0.022252995,0.999300301,2,3
Early_gastrula,mitochondrial ATP transmembrane transport,GO:1990544,0.022252995,0.999300301,2,3
Early_gastrula,tRNA 3'-trailer cleavage,GO:0042779,0.022765792,0.999275167,2,3
Early_gastrula,histone exchange,GO:0043486,0.023587228,0.999234232,2,3
Early_gastrula,nucleocytoplasmic transport,GO:0006913,0.026733994,0.998700303,2,4
Early_gastrula,SRP-dependent cotranslational protein targeting to membrane,GO:0006614,0.027508161,0.996678215,3,9
Early_gastrula,'de novo' IMP biosynthetic process,GO:0006189,0.028282526,0.998581901,2,4
Early_gastrula,spindle assembly,GO:0051225,0.028313249,0.996343292,3,11
Early_gastrula,tricarboxylic acid cycle,GO:0006099,0.030393261,0.994150057,4,17
Early_gastrula,purine nucleobase biosynthetic process,GO:0009113,0.030860981,0.998376494,2,4
Early_gastrula,mitochondrial respiratory chain complex I assembly,GO:0032981,0.031015844,0.998363835,2,4
Early_gastrula,oxygen transport,GO:0015671,0.033428584,0.998161971,2,4
Early_gastrula,spliceosomal tri-snRNP complex assembly,GO:0000244,0.037820819,1,1,1
Early_gastrula,RNA localization,GO:0006403,0.037820819,1,1,1
Early_gastrula,"mitochondrial electron transport, ubiquinol to cytochrome c",GO:0006122,0.040785292,0.997494523,2,4
Early_gastrula,regulation of transcription by RNA polymerase II,GO:0006357,0.041811041,0.986992824,6,35
Early_gastrula,plasma membrane phospholipid scrambling,GO:0017121,0.046363153,0.996473656,2,5
Early_gastrula,cilium organization,GO:0044782,0.04809846,1,1,1
Mid_gastrula,nucleosome assembly,GO:0006334,1.95E-20,1,26,41
Mid_gastrula,"regulation of transcription, DNA-templated",GO:0006355,1.79E-07,1,54,465
Mid_gastrula,SRP-dependent cotranslational protein targeting to membrane,GO:0006614,1.13E-06,0.999999975,6,9
Mid_gastrula,proteolysis involved in cellular protein catabolic process,GO:0051603,2.56E-06,0.999999925,6,10
Mid_gastrula,"mRNA splicing, via spliceosome",GO:0000398,0.000102133,0.999986701,8,31
Mid_gastrula,purine nucleotide biosynthetic process,GO:0006164,0.001177841,0.999963666,3,6
Mid_gastrula,protein ADP-ribosylation,GO:0006471,0.00374731,0.999794715,3,8
Mid_gastrula,ribosomal small subunit biogenesis,GO:0042274,0.005527465,0.999917409,2,3
Mid_gastrula,anaphase-promoting complex-dependent catabolic process,GO:0031145,0.00557226,1,2,2
Mid_gastrula,regulation of transcription by RNA polymerase II,GO:0006357,0.005734238,0.998856893,6,35
Mid_gastrula,RNA processing,GO:0006396,0.005794754,0.998635767,7,49
Mid_gastrula,tRNA processing,GO:0008033,0.006224254,0.998983184,5,25
Mid_gastrula,mRNA processing,GO:0006397,0.006882172,0.998562745,6,38
Mid_gastrula,chromosome organization,GO:0051276,0.007532524,0.999784469,2,5
Mid_gastrula,spindle assembly,GO:0051225,0.008203921,0.999336965,3,11
Mid_gastrula,ubiquitin-dependent protein catabolic process,GO:0006511,0.008904027,0.997432704,8,70
Mid_gastrula,ribosome biogenesis,GO:0042254,0.009085694,0.99877579,4,18
Mid_gastrula,mitochondrial ADP transmembrane transport,GO:0140021,0.010363147,0.999784337,2,3
Mid_gastrula,mitochondrial ATP transmembrane transport,GO:1990544,0.010363147,0.999784337,2,3
Mid_gastrula,tRNA 3'-trailer cleavage,GO:0042779,0.010660742,0.999774775,2,3
Mid_gastrula,'de novo' IMP biosynthetic process,GO:0006189,0.011424702,0.999648504,2,4
Mid_gastrula,protein peptidyl-prolyl isomerization,GO:0000413,0.011746892,0.998264869,4,20
Mid_gastrula,gluconeogenesis,GO:0006094,0.012107244,0.999615868,2,4
Mid_gastrula,glutamine metabolic process,GO:0006541,0.014385526,0.999421393,2,5
Mid_gastrula,histone acetylation,GO:0016573,0.01749461,0.998086014,3,12
Mid_gastrula,DNA duplex unwinding,GO:0032508,0.018421891,0.997944629,3,12
Mid_gastrula,"mitochondrial electron transport, ubiquinol to cytochrome c",GO:0006122,0.019283541,0.999215223,2,4
Mid_gastrula,plasma membrane phospholipid scrambling,GO:0017121,0.019335879,0.999089254,2,5
Mid_gastrula,regulation of DNA replication,GO:0006275,0.021993031,0.998889774,2,5
Mid_gastrula,tetrahydrofolate biosynthetic process,GO:0046654,0.022299048,0.9988659,2,5
Mid_gastrula,transcription preinitiation complex assembly,GO:0070897,0.02267073,0.998836658,2,5
Mid_gastrula,spliceosomal tri-snRNP complex assembly,GO:0000244,0.022696305,1,1,1
Mid_gastrula,RNA localization,GO:0006403,0.022696305,1,1,1
Mid_gastrula,cilium organization,GO:0044782,0.028816243,1,1,1
Mid_gastrula,"regulation of DNA-templated transcription, elongation",GO:0032784,0.032406543,1,1,1
Mid_gastrula,"DNA-templated transcription, initiation",GO:0006352,0.036005429,0.994638671,3,14
Mid_gastrula,sphingomyelin catabolic process,GO:0006685,0.037063947,1,1,1
Mid_gastrula,rRNA metabolic process,GO:0016072,0.037245361,1,1,1
Mid_gastrula,ncRNA processing,GO:0034470,0.037245361,1,1,1
Mid_gastrula,regulation of signaling,GO:0023051,0.039563294,1,1,1
Mid_gastrula,regulation of cell adhesion,GO:0030155,0.039563294,1,1,1
Mid_gastrula,"regulation of mRNA splicing, via spliceosome",GO:0048024,0.040483229,1,1,1
Mid_gastrula,tetrahydrobiopterin biosynthetic process,GO:0006729,0.041889737,0.996990362,2,5
Mid_gastrula,'de novo' pyrimidine nucleobase biosynthetic process,GO:0006207,0.042019515,0.996425433,2,8
Mid_gastrula,chromatin silencing at telomere,GO:0006348,0.042746208,1,1,1
Mid_gastrula,seryl-tRNA aminoacylation,GO:0006434,0.042970449,1,1,1
Mid_gastrula,regulation of cellular process,GO:0050794,0.044239906,1,1,1
Mid_gastrula,DNA topological change,GO:0006265,0.044952615,0.996030734,2,8
Mid_gastrula,axon guidance,GO:0007411,0.045469845,1,1,1
Mid_gastrula,mushroom body development,GO:0016319,0.045469845,1,1,1
Mid_gastrula,neuron remodeling,GO:0016322,0.045469845,1,1,1
Mid_gastrula,axon regeneration,GO:0031103,0.045469845,1,1,1
Mid_gastrula,regulation of circadian rhythm,GO:0042752,0.045469845,1,1,1
Mid_gastrula,locomotor rhythm,GO:0045475,0.045469845,1,1,1
Mid_gastrula,imaginal disc-derived wing expansion,GO:0048526,0.045469845,1,1,1
Mid_gastrula,positive regulation of axon extension involved in axon guidance,GO:0048842,0.045469845,1,1,1
Mid_gastrula,attachment of mitotic spindle microtubules to kinetochore,GO:0051315,0.04696012,1,1,1
Mid_gastrula,MAPK cascade,GO:0000165,0.047336532,1,1,1
Mid_gastrula,COP9 signalosome assembly,GO:0010387,0.048022775,1,1,1
Mid_gastrula,protein polyglutamylation,GO:0018095,0.048119809,1,1,1
Mid_gastrula,deoxyribonucleotide catabolic process,GO:0009264,0.048136823,1,1,1
Mid_gastrula,regulation of RNA splicing,GO:0043484,0.048223875,1,1,1
Mid_gastrula,positive regulation of receptor internalization,GO:0002092,0.048987215,1,1,1
Mid_gastrula,dendritic spine organization,GO:0097061,0.048987215,1,1,1
Mid_gastrula,dendritic spine maintenance,GO:0097062,0.048987215,1,1,1
Late_gastrula,proteolysis involved in cellular protein catabolic process,GO:0051603,5.05E-07,0.999999989,6,10
Late_gastrula,xenobiotic transport,GO:0042908,4.40E-05,0.999997988,5,13
Late_gastrula,oxidation-reduction process,GO:0055114,0.000561413,0.999687787,48,819
Late_gastrula,regulation of cytoskeleton organization,GO:0051493,0.001213166,1,2,2
Late_gastrula,response to oxidative stress,GO:0006979,0.00184432,0.999771623,5,27
Late_gastrula,SRP-dependent cotranslational protein targeting to membrane,GO:0006614,0.003252389,0.999822981,3,9
Late_gastrula,transmembrane transport,GO:0055085,0.005267456,0.997069628,32,580
Late_gastrula,microtubule-based process,GO:0007017,0.005647025,0.999079371,5,30
Late_gastrula,peptidyl-tyrosine sulfation,GO:0006478,0.009363646,0.99920577,3,11
Late_gastrula,regulation of microtubule polymerization or depolymerization,GO:0031110,0.010079851,0.99970985,2,4
Late_gastrula,transcription preinitiation complex assembly,GO:0070897,0.011297263,0.999600299,2,5
Late_gastrula,calcium ion transmembrane transport,GO:0070588,0.017790047,0.99684193,4,37
Late_gastrula,'de novo' pyrimidine nucleobase biosynthetic process,GO:0006207,0.023757668,0.998518143,2,8
Late_gastrula,"regulation of transcription, DNA-templated",GO:0006355,0.024753107,0.985253423,27,465
Late_gastrula,"regulation of DNA-templated transcription, elongation",GO:0032784,0.024753729,1,1,1
Late_gastrula,reduction of food intake in response to dietary excess,GO:0002023,0.028052063,1,1,1
Late_gastrula,response to glucose,GO:0009749,0.028052063,1,1,1
Late_gastrula,multicellular organism growth,GO:0035264,0.028052063,1,1,1
Late_gastrula,chromatin silencing at telomere,GO:0006348,0.029448682,1,1,1
Late_gastrula,seryl-tRNA aminoacylation,GO:0006434,0.029612209,1,1,1
Late_gastrula,bioluminescence,GO:0008218,0.031627571,0.995361784,3,18
Late_gastrula,glycerolipid biosynthetic process,GO:0045017,0.032632236,0.993173326,4,28
Late_gastrula,ion transport,GO:0006811,0.032725755,0.987801709,8,119
Late_gastrula,deoxyribonucleotide catabolic process,GO:0009264,0.037385128,1,1,1
Late_gastrula,DNA replication initiation,GO:0006270,0.039387889,0.996555974,2,11
Late_gastrula,positive regulation of receptor internalization,GO:0002092,0.039441609,1,1,1
Late_gastrula,dendritic spine organization,GO:0097061,0.039441609,1,1,1
Late_gastrula,dendritic spine maintenance,GO:0097062,0.039441609,1,1,1
Late_gastrula,translational frameshifting,GO:0006452,0.04050086,1,1,1
Late_gastrula,positive regulation of translational elongation,GO:0045901,0.04050086,1,1,1
Late_gastrula,positive regulation of translational termination,GO:0045905,0.04050086,1,1,1
Late_gastrula,protein transmembrane transport,GO:0071806,0.042530793,1,1,1
Late_gastrula,carbohydrate biosynthetic process,GO:0016051,0.04279781,0.996323404,2,8
Late_gastrula,glycolipid biosynthetic process,GO:0009247,0.046558002,0.995697368,2,9
Planula,G protein-coupled receptor signaling pathway,GO:0007186,1.19E-48,1,690,1128
Planula,transmembrane transport,GO:0055085,1.24E-17,1,332,580
Planula,DNA integration,GO:0015074,2.53E-08,1,271,528
Planula,potassium ion transport,GO:0006813,2.77E-06,0.999999119,50,75
Planula,ion transmembrane transport,GO:0034220,1.09E-05,0.999995586,63,103
Planula,protein homooligomerization,GO:0051260,3.52E-05,0.999987275,47,74
Planula,translation,GO:0006412,4.19E-05,0.999979896,77,135
Planula,oxidation-reduction process,GO:0055114,5.87E-05,0.999956546,382,819
Planula,ion transport,GO:0006811,6.34E-05,0.999970502,69,119
Planula,L-arabinose metabolic process,GO:0046373,0.000662746,1,8,8
Planula,DNA metabolic process,GO:0006259,0.001611283,1,7,7
Planula,sodium ion transport,GO:0006814,0.001640543,0.99952909,21,31
Planula,peptidyl-tyrosine sulfation,GO:0006478,0.005813382,0.999282678,9,11
Planula,oligopeptide transport,GO:0006857,0.005904326,0.999269241,9,11
Planula,proteolysis,GO:0006508,0.006018507,0.995347528,235,515
Planula,cell surface receptor signaling pathway,GO:0007166,0.006035533,0.996470325,62,119
Planula,arachidonic acid secretion,GO:0050482,0.012094281,0.998356121,8,10
Planula,potassium ion transmembrane transport,GO:0071805,0.013117125,0.995297265,18,29
Planula,response to oxidative stress,GO:0006979,0.014954484,0.994762599,17,27
Planula,DNA unwinding involved in DNA replication,GO:0006268,0.025364002,1,4,4
Planula,phospholipid metabolic process,GO:0006644,0.028843344,0.994186618,8,11
Planula,sphingosine biosynthetic process,GO:0046512,0.040533958,0.995961621,5,6
Planula,ceramide biosynthetic process,GO:0046513,0.040533958,0.995961621,5,6
Planula,carbohydrate metabolic process,GO:0005975,0.043110164,0.96971232,74,157
Adult,G protein-coupled receptor signaling pathway,GO:0007186,1.50E-20,1,708,1128
Adult,proteolysis,GO:0006508,1.09E-07,1,312,515
Adult,regulation of apoptotic process,GO:0042981,1.92E-07,0.999999915,125,183
Adult,cell surface receptor signaling pathway,GO:0007166,3.19E-06,0.999998732,84,119
Adult,homophilic cell adhesion via plasma membrane adhesion molecules,GO:0007156,2.35E-05,0.999994946,35,43
Adult,protein homooligomerization,GO:0051260,3.11E-05,0.999989346,54,74
Adult,transmembrane transport,GO:0055085,3.24E-05,0.999977826,335,580
Adult,carbohydrate metabolic process,GO:0005975,3.47E-05,0.999982822,103,157
Adult,ion transmembrane transport,GO:0034220,4.67E-05,0.999980378,71,103
Adult,glutathione catabolic process,GO:0006751,5.14E-05,1,14,14
Adult,signal transduction,GO:0007165,0.000172087,0.999888704,198,332
Adult,protein autoprocessing,GO:0016540,0.000232144,0.999986551,15,16
Adult,cell-cell signaling,GO:0007267,0.000237144,0.999986222,15,16
Adult,intein-mediated protein splicing,GO:0016539,0.001525562,0.999893107,12,13
Adult,DNA integration,GO:0015074,0.001617061,0.998788073,295,528
Adult,immune response,GO:0006955,0.008983935,0.9979531,15,19
Adult,arachidonic acid secretion,GO:0050482,0.009687162,0.999139492,9,10
Adult,lipid catabolic process,GO:0016042,0.009747216,0.999132982,9,10
Adult,chloride transport,GO:0006821,0.009882755,0.999118252,9,10
Adult,cell-matrix adhesion,GO:0007160,0.011306287,0.996703302,18,24
Adult,positive regulation of type I interferon production,GO:0032481,0.014488254,1,6,6
Adult,sulfate transport,GO:0008272,0.014555107,1,6,6
Adult,potassium ion transport,GO:0006813,0.014792058,0.992030306,47,75
Adult,multicellular organism development,GO:0007275,0.020514266,0.989032644,42,67
Adult,phospholipid metabolic process,GO:0006644,0.029798973,0.99478213,9,11
Adult,oligopeptide transport,GO:0006857,0.030162189,0.994703304,9,11
Adult,phosphorylation,GO:0016310,0.030908286,0.994540592,9,11
Adult,L-arabinose metabolic process,GO:0046373,0.033150637,0.996378507,7,8
Adult,lipid metabolic process,GO:0006629,0.035526106,0.976966029,66,113
Adult,transmembrane receptor protein tyrosine kinase signaling pathway,GO:0007169,0.04356083,0.989541278,10,13
Adult,calcium ion transmembrane transport,GO:0070588,0.049966548,0.976207189,24,37